title,company,loaction,link
DevOps Engineer,Razer Inc.,Singapore,https://stackoverflow.com/jobs/320518
"Working-Student/Internship Full Stack Developer (JavaScript,Node.js) (m/f/d)",Limehome GmbH,"München, Germany",https://stackoverflow.com/jobs/238583
Full Stack Software Engineer (Vue.js & Django) (m/f/d),Limehome GmbH,"München, Germany",https://stackoverflow.com/jobs/238532
Software Development Engineer In Test (SDET),Razer Inc.,Singapore,https://stackoverflow.com/jobs/320529
Python backend developer (m/f/d) combined event tech SaaS / apps,talque / Real Life Interaction GmbH,"Berlin, Germany",https://stackoverflow.com/jobs/319741
Entwickler (m/w/d) HiL/SiL/MiL im Bereich Infotainment und Fahrerassistenz,umlaut,"Braunschweig, Germany",https://stackoverflow.com/jobs/316410
Frontend Developer (m/f/d),creditshelf,"Frankfurt am Main, Deutschland",https://stackoverflow.com/jobs/351560
ANALISTA CIBERSEGURIDAD 24x7  (VE01),"Mensoft Consultores, S.L","Madrid, Spain",https://stackoverflow.com/jobs/351549
Data Scientist,Flowcast Inc.,"San Francisco, CA",https://stackoverflow.com/jobs/338552
Spezialist/in Informationsvisualisierung (80 - 100 %),Fachhochschule Graubünden,"Chur, Schweiz",https://stackoverflow.com/jobs/351544
Machine Learning Engineer,ARTIDIS AG,"Basel, Switzerland",https://stackoverflow.com/jobs/216923
Webエンジニア / インターネット/Webサービス・ASP,株式会社 Gracia,"Shinagawa City, Japan",https://stackoverflow.com/jobs/340949
モバイルキャリア向けソフト詳細設計 (システム開発会社) C#,株式会社スタッフサービス,"Yokohama, Japan",https://stackoverflow.com/jobs/340945
開発エンジニア(モバイル),株式会社クリティックミッションジャパン,"Yokohama, Japan",https://stackoverflow.com/jobs/340944
嬉しい高時給ソフト開発 大手企業 長期 C#,株式会社スタッフサービス　エンジニアガイド,"Yokohama, Japan",https://stackoverflow.com/jobs/340942
ロボティクスエンジニア,ピクシーダストテクノロジーズ株式会社,"Chiyoda City, Japan",https://stackoverflow.com/jobs/340935
ITエンジニア,株式会社アスパーク宇都宮オフィス,"Utsunomiya, Japan",https://stackoverflow.com/jobs/340891
WLAN・Bluetooth評価エンジニア,type転職エージェント,"Shinagawa City, Japan",https://stackoverflow.com/jobs/340875
データエンジニア,パーソルキャリア株式会社,"Chiyoda City, Japan",https://stackoverflow.com/jobs/317315
N中等部 プログラミング担当(東京・正社員),学校法人角川ドワンゴ学園,"Shibuya City, Japan",https://stackoverflow.com/jobs/311489
SE/PG,ワークタンク,"Chiyoda City, Japan",https://stackoverflow.com/jobs/340868
サーバサドイエンジニア(アドネットワーク広告管理画面側_PHP),type転職エージェント,"Shibuya City, Japan",https://stackoverflow.com/jobs/310049
PHPエンジニア,株式会社ダイヤモンドファンタジー,"Chuo City, Japan",https://stackoverflow.com/jobs/318809
WEBエンジニア,デジタル・アドバタイジング・コンソーシアム株式会社,"Shibuya City, Japan",https://stackoverflow.com/jobs/340775
データプロダクトプランナー,株式会社リクルート,"Chiyoda City, Japan",https://stackoverflow.com/jobs/340773
Content Author: Python and Flask,Codecademy,Remote,https://www.indeed.com.viewjob?jk=eeeeaca1d923b164
Python Developer Intern,OXO Solutions,"Ruby, SC",https://www.indeed.com.viewjob?jk=84a541c104b5b24c
Senior Python Developer,eMoney Advisor,Remote,https://www.indeed.com.viewjob?jk=4d55a4ab5227939b
Content Author: ASP.NET and C#,Codecademy,Remote,https://www.indeed.com.viewjob?jk=21acc5c671ea4daf
Python Engineer,Hollstadt & Associates,United States,https://www.indeed.com.viewjob?jk=7243c02ee0428a3b
"26 Technical Internships -- Manassas, VA",SWIFT,"Manassas, VA",https://www.indeed.com.viewjob?jk=39939650b80cefd5
Sports Research Analyst,Sportradar AG,"Minneapolis, MN",https://www.indeed.com.viewjob?jk=e106cb1f2fb13003
Python Developer,Box,"Redwood City, CA",https://www.indeed.com.viewjob?jk=3960b6d8b8b485d4
Data Scientist - Entry Level,Numerdox,"Sacramento, CA",https://www.indeed.com.viewjob?jk=21091c4562d65586
Entry Level Data Scientist,IBM,United States,https://www.indeed.com.viewjob?jk=267e7cf7de2959c7
Python / Kubernetes Developer,Applied Memetics LLC,Remote,https://www.indeed.com.viewjob?jk=89778fe6b27a642d
Data Scientist (Python),Applied Memetics LLC,Remote,https://www.indeed.com.viewjob?jk=0f16c57e35f21a63
Python Developer,Akra Tech,Remote,https://www.indeed.com.viewjob?jk=b4746b42ba857a6b
Data Scientist,RTI International,"Durham, NC",https://www.indeed.com.viewjob?jk=2216fb9e246193d0
Content Creator,LeetCode,Remote,https://www.indeed.com.viewjob?jk=e94af63cb41ad9b5
Software Engineer Apprentice,IBM,"Southbury, CT",https://www.indeed.com.viewjob?jk=0f89d43ee07a956f
Baseball Research and Development Analyst,Milwaukee Brewers,"Milwaukee, WI",https://www.indeed.com.viewjob?jk=d08dd3faa11c59dd
"Analyst Fellow, Baseball Analytics",The Baltimore Orioles,"Baltimore, MD",https://www.indeed.com.viewjob?jk=2baedace9a5690e9
PYTHON DEVELOPER,OC10,"Charlotte, NC",https://www.indeed.com.viewjob?jk=ae6826f416a44c00
Python Developer for Financial Model Risk Management Systems at Fannie Mae,Intelagile,"Washington, DC",https://www.indeed.com.viewjob?jk=159206981c359269
Python Developer – Core Strategist,BP,United States,https://www.indeed.com.viewjob?jk=19121ecf27f5c462
"Python, Hadoop, and Machine Learning Software Engineer",JP Morgan Chase,"Wilmington, DE",https://www.indeed.com.viewjob?jk=08828c528e395993
Python Developer - Level I,CyberData Technologies,"Tuscaloosa, AL",https://www.indeed.com.viewjob?jk=010552906e4e9b79
Python Developer,Callsign Media,"Las Vegas, NV",https://www.indeed.com.viewjob?jk=345e22ca6e583be5
Python Developer,"Accolite, Inc.","San Francisco, CA",https://www.indeed.com.viewjob?jk=fba1d294996286c5
Data Scientist - Economic Data,Zillow,"Seattle, WA",https://www.indeed.com.viewjob?jk=f387d1f3e162d2e0
Python Software Engineers (Hiring at various levels),Capital One - US,"Vienna, VA",https://www.indeed.com.viewjob?jk=6470a45f0d3c5b36
Python Developer,Highbrow Technologies,"Bellevue, WA",https://www.indeed.com.viewjob?jk=70912d7ae92ee088
Machine Learning Engineer,American Express,United States,https://www.indeed.com.viewjob?jk=bdfa5288779b6ab5
Python Developer,"Artemis Consulting, Inc.","Washington, DC",https://www.indeed.com.viewjob?jk=c61064c4dade72e7
Entry Level Data Analyst,Hopjump,"Boston, MA",https://www.indeed.com.viewjob?jk=2532431132ffbda1
Python Django Developer,Koinonia Family Services,"Loomis, CA",https://www.indeed.com.viewjob?jk=86e9c849cfb53ef7
Jr-Mid Python Developer,Vanjure,"Sterling, VA",https://www.indeed.com.viewjob?jk=ffcb657b894dc00f
Baseball Research and Development Intern,Milwaukee Brewers,"Milwaukee, WI",https://www.indeed.com.viewjob?jk=fecc237d2fc3a3bf
"R & Python, Machine and Deep Learning Algorithms professional",AGUILASS,United States,https://www.indeed.com.viewjob?jk=e636682ce31db65f
Python Developer,Frontend Arts,California,https://www.indeed.com.viewjob?jk=61738b1830df2712
Software Engineer Intern (Python),Vectorworks,"Columbia, MD",https://www.indeed.com.viewjob?jk=39ad2cdb0b67cc04
Economist,Amazon.com Services LLC,"Seattle, WA",https://www.indeed.com.viewjob?jk=6ef8db2c662e1bd8
Backend Python Engineer,Numerator,"Chicago, IL",https://www.indeed.com.viewjob?jk=5b8b49e2d74c5180
Software Engineer - Node.JS/Python,Tesla,"Fremont, CA",https://www.indeed.com.viewjob?jk=c267c7afb8e6c11d
New College Graduate - Python,Saama Technologies Inc,"Campbell, CA",https://www.indeed.com.viewjob?jk=64ab643ca4e40bf8
Python Developer,"The TJX Companies, Inc.","Marlborough, MA",https://www.indeed.com.viewjob?jk=f79cc8b2f0b47814
"Python NumPy Developer, Fixed Income+ USC/ GCH JC",Select Group,"Jersey City, NJ",https://www.indeed.com.viewjob?jk=a036063747ecde5a
Penetration Tester,Novacoast,United States,https://www.indeed.com.viewjob?jk=44ab4b1f2ced7a3a
Python Consultant,"Accolite, Inc.","New York, NY",https://www.indeed.com.viewjob?jk=7385a2cc0be15bf7
Software Engineer (Python),Imgix,"San Francisco, CA",https://www.indeed.com.viewjob?jk=948b9749dbc84344
Python Software Intern,Formlabs,"Somerville, MA",https://www.indeed.com.viewjob?jk=695fb61932354586
Customer Implementation Specialist,Textio,"Seattle, WA",https://www.indeed.com.viewjob?jk=a83f5865283639e5
"Hiring!!! Python Developer---Lake Forest, IL",Software Technology Inc,"Mettawa, IL",https://www.indeed.com.viewjob?jk=83d65ae1d0b7b162
Algo Software Engineer (C++/Python),Hudson River Trading,"New York, NY",https://www.indeed.com.viewjob?jk=c7c193ae35f5bad7
